name,gross,net,paye,prsi,usc,health,union
Emma McAuley.0,500.0,379.5,100.0,20.5,0.0,0.0,0.0
Emma McAuley,12337.916666666666,6391.040833333331,2467.5833333333335,505.8545833333333,0.0,0.0,0.0
