name,gross,net,paye,prsi,usc,health,union
Emma McAuley,500.0,379.5,100.0,20.5,0.0,0.0,0.0
Emma McAuley,12337.916666666666,6391.040833333331,2467.5833333333335,505.8545833333333,0.0,0.0,0.0
Emma McAuley,11388.846153846154,5785.533846153847,2277.769230769231,466.94269230769237,56.94423076923077,0.0,0.0
Emma McAuley,11388.846153846154,5443.868461538464,2277.769230769231,466.94269230769237,227.77692307692308,0.0,0.0
